rating,sitter_image,end_date,text,owner_image,dogs,sitter,owner,start_date,sitter_phone_number,sitter_email,owner_phone_number,owner_email,response_time_minutes
5,https://images.dog.ceo/breeds/entlebucher/n02108000_2635.jpg,2012-05-17,Etiam morbi duis sed. Etiam netus torquent donec. Justo felis risus. Neque risus enim tortor curabitur ut dolor per. Felis vitae mus quam eget sagittis lacus convallis vestibulum. Netus vitae. Curae proin aenean augue curae aptent dui potenti. Fusce magna. Donec etiam. Fusce dolor quis urna turpis vulputate. Purus donec ornare suspendisse proin facilisis urna sem. Metus risus nisi sagittis ullamcorper sem. Morbi class lobortis. Curae ipsum vulputate sodales pellentesque dapibus. Donec vitae dictum sollicitudin potenti metus nunc dolor ad. Nulla donec. Risus neque sodales dolor elit conubia mi congue volutpat laoreet natoque lectus enim. Vitae metus eni. Morbi etiam tristique condimentum est. Neque massa.,https://images.dog.ceo/breeds/shihtzu/n02086240_1215.jpg,Rasty-CAT|Shogun|Annie,Leilani R.,Nancy L.,2012-04-03,+13813114382,user7508@t-mobile.com,+11826582052,user3444@t-mobile.com,186
2,https://images.dog.ceo/breeds/chihuahua/n02085620_3651.jpg,2012-07-28,Justo massa. Nulla purus. Justo lacus dolor luctus nisl dis facilisi fames ut magnis ve nec enim in consectetuer nonummy. Porta neque class leo etiam tincidunt dis diam parturient pede. Fusce metus lobortis proin cum rhoncus ve leo proin. Felis class a nonummy id. Proin velit libero dis euismod mauris vitae convallis sed. Nulla lacus. Velit etiam. Curae ipsum curae nec dictum ultrices. Ipsum vitae risus sociis velit consequat. Etiam metus luctus ad. Morbi purus dis purus cubilia cum ligula vel rutrum.,https://images.dog.ceo/breeds/mastiff-tibetan/n02108551_660.jpg,Mali,Sharon H.,Nelli B.,2012-06-22,+17805637575,user7582@yahoo.com,+14970255634,user7852@hotmail.com,2
2,https://images.dog.ceo/breeds/rottweiler/n02106550_1742.jpg,2013-05-31,Purus ipsum etiam condimentum volutpat sodales bibendum lacinia netus cras. Vitae lacus amet a arcu. Purus donec tellus porta platea scelerisque. Netus donec integer semper nam urna ve praesent posuere. Class curae cursus lacus. Metus felis sed odio mus netus. Class etiam semper maecenas habitant augue ad. Lorem donec ipsum sit netus.,https://images.dog.ceo/breeds/boxer/n02108089_1748.jpg,Lego,Tasha J.,Mel P.,2013-05-05,+18473545812,user7137@yahoo.com,+15191086391,user4860@t-mobile.com,138
2,https://images.dog.ceo/breeds/whippet/n02091134_9793.jpg,2012-10-17,Ipsum nulla duis dapibus. Curae vitae maecenas at ullamcorper eu luctus ac ultrices aliquam. Dolor vitae urna torquent donec. Etiam morbi pharetra pede fermentum placerat mi etiam. Risus felis nam nisl ligula egestas conubia. Ipsum dolor egestas eu interdum erat nisi nulla nonummy. Felis metus. Purus nulla arcu torquent ultricies nostra senectus fusce a erat parturient leo parturient. Morbi ipsum. Nulla dolor dui adipiscing elementum. Velit fusce dis nisi vestibulum habitasse suspendisse massa vulputate.,https://images.dog.ceo/breeds/bullterrier-staffordshire/n02093256_4090.jpg,Rocco|Elvis|Teddy,Huan H.,Jim S.,2012-09-17,+11362389237,user1233@yahoo.com,+19715860916,user3007@verizon.net,105
4,https://images.dog.ceo/breeds/cotondetulear/IMG_20160830_202631573.jpg,2013-01-18,Porta magna feugiat erat nisl dapibus ac. Fusce lacus eros. Magna augue amet. Massa fames primis molestie tincidunt id platea ultrices. Fames proin pede. Etiam massa magna proin a mollis quam. Purus justo euismod leo pharetra a dictumst quis cubilia at non. Ipsum risus. Dolor risus. Porta lacus ultrices parturient lacinia leo ligula tellus. Morbi metus quam morbi donec.,https://images.dog.ceo/breeds/sheepdog-shetland/n02105855_3150.jpg,Suki,Ilka A.,Missy S.,2012-10-30,+19667334049,user9866@gmail.com,+14341712430,user8802@t-mobile.com,90
2,https://images.dog.ceo/breeds/bouvier/n02106382_4609.jpg,2012-05-03,Ipsum augue semper metus cubilia. Nulla magna odio pretium ut nascetur accumsan lacinia dignissim ante morbi. Risus purus. Porta felis pede in pellentesque integer sed. Netus proin enim torquent ante quis nec. Morbi lacus arcu. Lacus purus. Neque lorem hac justo. Massa etiam tempor id donec ullamcorper nascetur orci. Netus lacus amet. Netus proin euismod. Etiam velit sodales sed. Curae justo ligula morbi enim tortor adipiscing. Curae fames eros arcu.,https://images.dog.ceo/breeds/borzoi/n02090622_3210.jpg,Chance|chester,Anne D.,Sasha F.,2012-04-21,+19545178315,user7112@verizon.net,+19776869268,user7808@gmail.com,331
3,https://images.dog.ceo/breeds/komondor/n02105505_938.jpg,2013-05-21,Ipsum curae per vitae. Porta justo suscipit. Lacus metus. Ipsum justo sociis. Risus porta sodales rutrum est volutpat fermentum a class eu lacus mi convallis. Justo ipsum. Porta nulla platea eu nam mi vitae mus auctor vehicula morbi nisi lorem fames scelerisque. Donec neque. Class risus tempor mauris venenatis per nonummy nostra porta. Felis nulla cum odio pharetra sed at. Felis nulla congue. Donec nulla.,https://images.dog.ceo/breeds/rottweiler/n02106550_2301.jpg,Sushi|Miranda,Ashley H.,Alex P.,2013-02-21,+19664206287,user1949@gmail.com,+13193870401,user2124@verizon.net,12
3,https://images.dog.ceo/breeds/chow/n02112137_10176.jpg,2012-06-14,Neque lacus mus tristique quam sit mattis montes arcu ve consectetuer vivamus. Ipsum porta. Class porta cursus vulputate mus cum commodo lorem. Etiam risus fusce leo vel mus lacinia nascetur ad sociis dui. Risus netus erat nonummy eros ultrices fames in habitasse. Porta nulla montes nulla phasellus. Purus velit a pretium eu pede ultrices. Nulla etiam ante dui congue a pharetra orci cum fusce. Massa etiam non tortor viverra at auctor pulvinar. Porta justo non hendrerit fames et fringilla metus lacus sed nascetur rhoncus aliquet. Ipsum felis luctus viverra dapibus ante donec cubilia. Netus metus lorem dui neque dis erat donec. Curae justo vitae a feugiat at eu turpis ac.,https://images.dog.ceo/breeds/keeshond/n02112350_4590.jpg,Brighton,Jenny S.,Ken K.,2012-04-03,+15583175693,user7736@t-mobile.com,+17560762310,user5999@verizon.net,180
4,https://images.dog.ceo/breeds/pinscher-miniature/n02107312_7147.jpg,2012-10-13,Vitae felis netus ultrices non quis leo felis ridiculus pede. Dolor morbi. Nulla felis. Purus etiam mauris justo nam tellus. Lorem vitae natoque ante mus quis. Morbi felis aliquam placerat fames etiam condimentum. Fusce neque netus nec elementum. Augue donec commodo posuere massa. Felis justo. Felis donec scelerisque odio hymenaeos nullam et eros. Porta risus morbi cras praesent adipiscing tempus.,https://images.dog.ceo/breeds/keeshond/n02112350_8251.jpg,Barnaby|luna|Tobi,Tessa L.,Kim D.,2012-09-30,+14860270910,user5363@verizon.net,+19697218892,user7360@gmail.com,6
3,https://images.dog.ceo/breeds/beagle/n02088364_17294.jpg,2013-07-01,Magna lacus. Lacus augue est nostra vehicula. Curae netus tortor justo orci duis euismod cum at fusce justo sagittis nec posuere maecenas ve ligula praesent urna molestie sed cubilia dolor ipsum. Class felis purus vehicula amet magnis accumsan lacinia purus id pellentesque aenean. Justo curae ipsum augue tempus ut phasellus sodales leo faucibus commodo ante. Risus metus rutrum. Fusce curae aenean enim taciti pretium eni nostra molestie odio. Netus lorem tempor metus. Purus felis tempus metus euismod lobortis ornare nunc scelerisque laoreet eni. Magna lacus condimentum dis pede nisi ridiculus et fames. Felis risus per quam a odio porta donec leo elit facilisis. Curae nulla sed duis at mattis vel posuere ad primis eni pede. Lacus fames luctus. Dolor velit platea neque fringilla condimentum ipsum ornare curae velit ornare. Neque risus augue nullam sollicitudin euismod risus in auctor vulputate dis. Neque proin. Magna lorem. Magna netus tempor nulla vel pede. Neque purus aenean turpis urna aptent euismod. Lacus nulla.,https://images.dog.ceo/breeds/dingo/n02115641_4737.jpg,Barkley,Lisa D.,Wendie M.,2013-05-08,+19200811608,user7177@verizon.net,+15716446706,user9419@hotmail.com,7
5,https://images.dog.ceo/breeds/otterhound/n02091635_4045.jpg,2012-08-20,Neque ipsum sem erat mi arcu pretium at tempor. Augue class leo odio. Felis donec. Purus donec. Risus netus ultrices odio laoreet in sodales. Fames class placerat netus ut odio inceptos et aenean arcu. Etiam justo praesent consequat consectetuer adipiscing erat ornare gravida laoreet. Magna netus fermentum vestibulum nunc vitae mi imperdiet. Lorem porta. Morbi purus duis. Lacus metus est. Lacus massa. Etiam curae nostra et cras. Purus nulla litora mi sociosqu. Ipsum fusce auctor vestibulum pellentesque. Class massa mollis tristique augue ve a turpis nulla nam eros. Neque porta pede felis imperdiet. Felis class cursus ligula eleifend adipiscing cubilia non. Lacus lorem porta purus rhoncus odio.,https://images.dog.ceo/breeds/saluki/n02091831_6323.jpg,Pongo|Porter,Chanece W.,Carrie L.,2012-05-26,+18964769466,user2983@verizon.net,+16905072111,user7713@hotmail.com,5
3,https://images.dog.ceo/breeds/malamute/n02110063_13962.jpg,2012-06-26,Ipsum etiam nam semper faucibus. Class lacus. Magna netus suscipit parturient elementum metus enim. Velit lorem diam dui mus ac fermentum quis sed viverra a ullamcorper. Fusce risus montes sollicitudin dignissim. Nulla massa ante curae nostra morbi ve cum. Class massa. Augue vitae nisl lobortis ipsum. Neque justo taciti nibh nec in aenean molestie orci pulvinar quam montes rutrum aliquam non et. Donec velit ante hac. Donec velit cum velit nonummy facilisi metus vel eget adipiscing. Metus augue mattis duis scelerisque eu. Ipsum fames.,https://images.dog.ceo/breeds/pyrenees/n02111500_4104.jpg,layla|Boots|Hiwalani,Lyndsey B.,Tony L.,2012-06-10,+13774343299,user1211@yahoo.com,+11045881284,user6943@gmail.com,109
3,https://images.dog.ceo/breeds/borzoi/n02090622_266.jpg,2012-10-16,Nulla curae morbi habitant. Metus neque eros potenti semper. Vitae nulla eget porta ut duis. Neque lacus pulvinar nulla in consequat parturient blandit nec ad purus pellentesque donec. Fames class duis consequat sagittis eleifend felis. Nulla donec ipsum purus tempor dui orci. Dolor etiam posuere hac eu cras. Risus massa lorem scelerisque eleifend quis interdum consectetuer magnis tempus sagittis eget elit egestas in et. Augue ipsum fames. Proin ipsum. Porta neque ipsum tincidunt eleifend facilisi. Velit neque dignissim est elementum. Dolor felis. Velit magna nonummy sapien porta. Magna porta. Proin curae quam rutrum. Felis velit rutrum lorem ante mattis nascetur lacus. Velit magna elit ad consectetuer feugiat. Class proin montes nisl odio torquent sollicitudin tortor magna integer hac.,https://images.dog.ceo/breeds/stbernard/n02109525_11732.jpg,Cessie,Dawn M.,Courtney M.,2012-09-10,+15697504425,user2847@verizon.net,+17198780056,user6899@hotmail.com,1
3,https://images.dog.ceo/breeds/malamute/n02110063_13962.jpg,2012-06-26,Ipsum etiam nam semper faucibus. Class lacus. Magna netus suscipit parturient elementum metus enim. Velit lorem diam dui mus ac fermentum quis sed viverra a ullamcorper. Fusce risus montes sollicitudin dignissim. Nulla massa ante curae nostra morbi ve cum. Class massa. Augue vitae nisl lobortis ipsum. Neque justo taciti nibh nec in aenean molestie orci pulvinar quam montes rutrum aliquam non et. Donec velit ante hac. Donec velit cum velit nonummy facilisi metus vel eget adipiscing. Metus augue mattis duis scelerisque eu. Ipsum fames.,https://images.dog.ceo/breeds/pyrenees/n02111500_4104.jpg,layla|Boots|Hiwalani,Lyndsey B.,Tony L.,2012-06-10,+13774343299,user1211@yahoo.com,+11045881284,user6943@gmail.com,109
3,https://images.dog.ceo/breeds/borzoi/n02090622_266.jpg,2012-10-16,Nulla curae morbi habitant. Metus neque eros potenti semper. Vitae nulla eget porta ut duis. Neque lacus pulvinar nulla in consequat parturient blandit nec ad purus pellentesque donec. Fames class duis consequat sagittis eleifend felis. Nulla donec ipsum purus tempor dui orci. Dolor etiam posuere hac eu cras. Risus massa lorem scelerisque eleifend quis interdum consectetuer magnis tempus sagittis eget elit egestas in et. Augue ipsum fames. Proin ipsum. Porta neque ipsum tincidunt eleifend facilisi. Velit neque dignissim est elementum. Dolor felis. Velit magna nonummy sapien porta. Magna porta. Proin curae quam rutrum. Felis velit rutrum lorem ante mattis nascetur lacus. Velit magna elit ad consectetuer feugiat. Class proin montes nisl odio torquent sollicitudin tortor magna integer hac.,https://images.dog.ceo/breeds/stbernard/n02109525_11732.jpg,Cessie,Dawn M.,Courtney M.,2012-09-10,+15697504425,user2847@verizon.net,+17198780056,user6899@hotmail.com,1
3,https://images.dog.ceo/breeds/malamute/n02110063_13962.jpg,2012-06-26,Ipsum etiam nam semper faucibus. Class lacus. Magna netus suscipit parturient elementum metus enim. Velit lorem diam dui mus ac fermentum quis sed viverra a ullamcorper. Fusce risus montes sollicitudin dignissim. Nulla massa ante curae nostra morbi ve cum. Class massa. Augue vitae nisl lobortis ipsum. Neque justo taciti nibh nec in aenean molestie orci pulvinar quam montes rutrum aliquam non et. Donec velit ante hac. Donec velit cum velit nonummy facilisi metus vel eget adipiscing. Metus augue mattis duis scelerisque eu. Ipsum fames.,https://images.dog.ceo/breeds/pyrenees/n02111500_4104.jpg,layla|Boots|Hiwalani,Lyndsey B.,Tony L.,2012-06-10,+13774343299,user1211@yahoo.com,+11045881284,user6943@gmail.com,109
3,https://images.dog.ceo/breeds/borzoi/n02090622_266.jpg,2012-10-16,Nulla curae morbi habitant. Metus neque eros potenti semper. Vitae nulla eget porta ut duis. Neque lacus pulvinar nulla in consequat parturient blandit nec ad purus pellentesque donec. Fames class duis consequat sagittis eleifend felis. Nulla donec ipsum purus tempor dui orci. Dolor etiam posuere hac eu cras. Risus massa lorem scelerisque eleifend quis interdum consectetuer magnis tempus sagittis eget elit egestas in et. Augue ipsum fames. Proin ipsum. Porta neque ipsum tincidunt eleifend facilisi. Velit neque dignissim est elementum. Dolor felis. Velit magna nonummy sapien porta. Magna porta. Proin curae quam rutrum. Felis velit rutrum lorem ante mattis nascetur lacus. Velit magna elit ad consectetuer feugiat. Class proin montes nisl odio torquent sollicitudin tortor magna integer hac.,https://images.dog.ceo/breeds/stbernard/n02109525_11732.jpg,Cessie,Dawn M.,Courtney M.,2012-09-10,+15697504425,user2847@verizon.net,+17198780056,user6899@hotmail.com,1
3,https://images.dog.ceo/breeds/malamute/n02110063_13962.jpg,2012-06-26,Ipsum etiam nam semper faucibus. Class lacus. Magna netus suscipit parturient elementum metus enim. Velit lorem diam dui mus ac fermentum quis sed viverra a ullamcorper. Fusce risus montes sollicitudin dignissim. Nulla massa ante curae nostra morbi ve cum. Class massa. Augue vitae nisl lobortis ipsum. Neque justo taciti nibh nec in aenean molestie orci pulvinar quam montes rutrum aliquam non et. Donec velit ante hac. Donec velit cum velit nonummy facilisi metus vel eget adipiscing. Metus augue mattis duis scelerisque eu. Ipsum fames.,https://images.dog.ceo/breeds/pyrenees/n02111500_4104.jpg,layla|Boots|Hiwalani,Lyndsey B.,Tony L.,2012-06-10,+13774343299,user1211@yahoo.com,+11045881284,user6943@gmail.com,109
3,https://images.dog.ceo/breeds/borzoi/n02090622_266.jpg,2012-10-16,Nulla curae morbi habitant. Metus neque eros potenti semper. Vitae nulla eget porta ut duis. Neque lacus pulvinar nulla in consequat parturient blandit nec ad purus pellentesque donec. Fames class duis consequat sagittis eleifend felis. Nulla donec ipsum purus tempor dui orci. Dolor etiam posuere hac eu cras. Risus massa lorem scelerisque eleifend quis interdum consectetuer magnis tempus sagittis eget elit egestas in et. Augue ipsum fames. Proin ipsum. Porta neque ipsum tincidunt eleifend facilisi. Velit neque dignissim est elementum. Dolor felis. Velit magna nonummy sapien porta. Magna porta. Proin curae quam rutrum. Felis velit rutrum lorem ante mattis nascetur lacus. Velit magna elit ad consectetuer feugiat. Class proin montes nisl odio torquent sollicitudin tortor magna integer hac.,https://images.dog.ceo/breeds/stbernard/n02109525_11732.jpg,Cessie,Dawn M.,Courtney M.,2012-09-10,+15697504425,user2847@verizon.net,+17198780056,user6899@hotmail.com,1